name;category;description;price;picture
Браво-21 Look Art;Браво Экошпон;Цена комплекта (Полотно, коробка, наличники) составляет 10846₽;5746;https://shirokikhdenis.github.io/doorphotos/bravolookart.jpg
Браво-21 Slate Art;Браво Экошпон;Цена комплекта (Полотно, коробка, наличники) составляет 10846₽;5746;https://shirokikhdenis.github.io/doorphotos/153-0506.jpg
Браво-21 Snow Art;Браво Экошпон;Цена комплекта (Полотно, коробка, наличники) составляет 10846₽;5746;https://shirokikhdenis.github.io/doorphotos/153-0510.jpg
Браво-21 Snow Melinga;Браво Экошпон;Цена комплекта (Полотно, коробка, наличники) составляет 9656₽;5066;https://shirokikhdenis.github.io/doorphotos/153-1318.jpg
Браво-21 Riviera Ice;Браво Экошпон;Цена комплекта (Полотно, коробка, наличники) составляет 10846₽;5746;https://shirokikhdenis.github.io/doorphotos/153-0618.jpg
Браво-21 Grey Wood;Браво Экошпон;Цена комплекта (Полотно, коробка, наличники) составляет 10846₽;5746;https://shirokikhdenis.github.io/doorphotos/153-0662.jpg
Браво-21 Stormy Wood;Браво Экошпон;Цена комплекта (Полотно, коробка, наличники) составляет 10846₽;5746;https://shirokikhdenis.github.io/doorphotos/153-0666.jpg
Браво-21 Nordic Oak;Браво Экошпон;Цена комплекта (Полотно, коробка, наличники) составляет 10846₽;5746;https://shirokikhdenis.github.io/doorphotos/153-0562.jpg
Браво-21 Original Oak;Браво Экошпон;Цена комплекта (Полотно, коробка, наличники) составляет 10846₽;5746;https://shirokikhdenis.github.io/doorphotos/153-0963.jpg
Браво-21 Wenge Melinga;Браво Экошпон;Цена комплекта (Полотно, коробка, наличники) составляет 9656₽;5066;https://shirokikhdenis.github.io/doorphotos/153-1110.jpg
Браво-21 Cappuccino Melinga;Браво Экошпон;Цена комплекта (Полотно, коробка, наличники) составляет 9656₽;5066;https://shirokikhdenis.github.io/doorphotos/153-1140.jpg
Браво-21 Grey Melinga;Браво Экошпон;Цена комплекта (Полотно, коробка, наличники) составляет 9656₽;5066;https://shirokikhdenis.github.io/doorphotos/153-1272.jpg
Браво-22 Look Art Magic Fog;Браво Экошпон;Цена комплекта (Полотно, коробка, наличники) составляет 10846₽;5746;https://shirokikhdenis.github.io/doorphotos/153-0514.jpg
Браво-22 Slate Art Magic Fog;Браво Экошпон;Цена комплекта (Полотно, коробка, наличники) составляет 10846₽;5746;https://shirokikhdenis.github.io/doorphotos/153-0518.jpg
Браво-22 Snow Art Magic Fog;Браво Экошпон;Цена комплекта (Полотно, коробка, наличники) составляет 10846₽;5746;https://shirokikhdenis.github.io/doorphotos/153-0522.jpg
Браво-22 Nordic Oak Magic Fog;Браво Экошпон;Цена комплекта (Полотно, коробка, наличники) составляет 10846₽;5746;https://shirokikhdenis.github.io/doorphotos/153-0570.jpg
Браво-22 Riviera Ice Magic Fog;Браво Экошпон;Цена комплекта (Полотно, коробка, наличники) составляет 10846₽;5746;https://shirokikhdenis.github.io/doorphotos/153-0634.jpg
Браво-22 Cappuccino Melinga Magic Fog;Браво Экошпон;Цена комплекта (Полотно, коробка, наличники) составляет 9656₽;5066;https://shirokikhdenis.github.io/doorphotos/153-1148.jpg
Браво-22 Grey Melinga Magic Fog;Браво Экошпон;Цена комплекта (Полотно, коробка, наличники) составляет 9656₽;5066;https://shirokikhdenis.github.io/doorphotos/153-1280.jpg
Браво-22 Stormy Wood Magic Fog;Браво Экошпон;Цена комплекта (Полотно, коробка, наличники) составляет 10846₽;5746;https://shirokikhdenis.github.io/doorphotos/153-0690.jpg
Браво-22 Grey Wood Magic Fog;Браво Экошпон;Цена комплекта (Полотно, коробка, наличники) составляет 10846₽;5746;https://shirokikhdenis.github.io/doorphotos/153-0694.jpg
Браво-22 Original Oak Magic Fog;Браво Экошпон;Цена комплекта (Полотно, коробка, наличники) составляет 10846₽;5746;https://shirokikhdenis.github.io/doorphotos/153-0971.jpg
Браво-22 Wenge Melinga Magic Fog;Браво Экошпон;Цена комплекта (Полотно, коробка, наличники) составляет 9656₽;5066;https://shirokikhdenis.github.io/doorphotos/153-1118.jpg
Браво-22 Snow Melinga Magic Fog;Браво Экошпон;Цена комплекта (Полотно, коробка, наличники) составляет 9656₽;5066;https://shirokikhdenis.github.io/doorphotos/153-1326.jpg
Браво-22 Cappuccino Melinga Black Shine;Браво Экошпон;Цена комплекта (Полотно, коробка, наличники) составляет 9996₽;5406;https://shirokikhdenis.github.io/doorphotos/153-4331.jpg
Браво-22 Snow Melinga Black Shine;Браво Экошпон;Цена комплекта (Полотно, коробка, наличники) составляет 9996₽;5406;https://shirokikhdenis.github.io/doorphotos/153-4347.jpg
Браво-22 Grey Melinga Black Shine;Браво Экошпон;Цена комплекта (Полотно, коробка, наличники) составляет 9996₽;5406;https://shirokikhdenis.github.io/doorphotos/153-4341.jpg
Браво-22 Wenge Melinga Black Shine;Браво Экошпон;Цена комплекта (Полотно, коробка, наличники) составляет 9996₽;5406;https://shirokikhdenis.github.io/doorphotos/153-4357.jpg
Браво-22 Look Art Black Shine;Браво Экошпон;Цена комплекта (Полотно, коробка, наличники) составляет 11186₽;6086;https://shirokikhdenis.github.io/doorphotos/153-4378.jpg
Браво-22 Nordic Oak Black Shine;Браво Экошпон;Цена комплекта (Полотно, коробка, наличники) составляет 11186₽;6086;https://shirokikhdenis.github.io/doorphotos/153-4382.jpg
Браво-22 Original Oak Black Shine;Браво Экошпон;Цена комплекта (Полотно, коробка, наличники) составляет 11186₽;6086;https://shirokikhdenis.github.io/doorphotos/153-4386.jpg
Браво-22 Riviera Ice Black Shine;Браво Экошпон;Цена комплекта (Полотно, коробка, наличники) составляет 11186₽;6086;https://shirokikhdenis.github.io/doorphotos/153-4390.jpg
Браво-22 Slate Art Black Shine;Браво Экошпон;Цена комплекта (Полотно, коробка, наличники) составляет 11186₽;6086;https://shirokikhdenis.github.io/doorphotos/153-4394.jpg
Браво-22 Snow Art Black Shine;Браво Экошпон;Цена комплекта (Полотно, коробка, наличники) составляет 11186₽;6086;https://shirokikhdenis.github.io/doorphotos/153-4398.jpg
Браво-23 Wenge Melinga Magic Fog;Браво Экошпон;Цена комплекта (Полотно, коробка, наличники) составляет 10336₽;5746;https://shirokikhdenis.github.io/doorphotos/153-1122.jpg
Браво-23 Cappuccino Melinga Magic Fog;Браво Экошпон;Цена комплекта (Полотно, коробка, наличники) составляет 10336₽;5746;https://shirokikhdenis.github.io/doorphotos/153-1158.jpg
Браво-23 Snow Melinga Magic Fog;Браво Экошпон;Цена комплекта (Полотно, коробка, наличники) составляет 10336₽;5746;https://shirokikhdenis.github.io/doorphotos/153-1330.jpg
Браво-23 Grey Melinga Magic Fog;Браво Экошпон;Цена комплекта (Полотно, коробка, наличники) составляет 10336₽;5746;https://shirokikhdenis.github.io/doorphotos/153-1284.jpg
Браво-29 Stormy Wood Magic Fog;Браво Экошпон;Цена комплекта (Полотно, коробка, наличники) составляет 11526₽;6426;https://shirokikhdenis.github.io/doorphotos/153-0725.jpg
Браво-29 Look Art Magic Fog;Браво Экошпон;Цена комплекта (Полотно, коробка, наличники) составляет 11526₽;6426;https://shirokikhdenis.github.io/doorphotos/153-0550.jpg
Браво-29 Slate Art Magic Fog;Браво Экошпон;Цена комплекта (Полотно, коробка, наличники) составляет 11526₽;6426;https://shirokikhdenis.github.io/doorphotos/153-0554.jpg
Браво-29 Snow Art Magic Fog;Браво Экошпон;Цена комплекта (Полотно, коробка, наличники) составляет 11526₽;6426;https://shirokikhdenis.github.io/doorphotos/153-0558.jpg
Браво-29 Nordic Oak Magic Fog;Браво Экошпон;Цена комплекта (Полотно, коробка, наличники) составляет 11526₽;6426;https://shirokikhdenis.github.io/doorphotos/153-0578.jpg
Браво-29 Riviera Ice Magic Fog;Браво Экошпон;Цена комплекта (Полотно, коробка, наличники) составляет 11526₽;6426;https://shirokikhdenis.github.io/doorphotos/153-0658.jpg
Браво-29 Snow Melinga Magic Fog;Браво Экошпон;Цена комплекта (Полотно, коробка, наличники) составляет 10336₽;5746;https://shirokikhdenis.github.io/doorphotos/153-1451.jpg
Браво-29 Original Oak Magic Fog;Браво Экошпон;Цена комплекта (Полотно, коробка, наличники) составляет 11526₽;6426;https://shirokikhdenis.github.io/doorphotos/153-0979.jpg
Браво-29 Wenge Melinga Magic Fog;Браво Экошпон;Цена комплекта (Полотно, коробка, наличники) составляет 10336₽;5746;https://shirokikhdenis.github.io/doorphotos/153-1130.jpg
Браво-29 Cappuccino Melinga Magic Fog;Браво Экошпон;Цена комплекта (Полотно, коробка, наличники) составляет 10336₽;5746;https://shirokikhdenis.github.io/doorphotos/153-1166.jpg
Браво-29 Grey Melinga Magic Fog;Браво Экошпон;Цена комплекта (Полотно, коробка, наличники) составляет 10336₽;5746;https://shirokikhdenis.github.io/doorphotos/153-1365.jpg
Браво-29 Cappuccino Melinga Black Shine;Браво Экошпон;Цена комплекта (Полотно, коробка, наличники) составляет 10676₽;6086;https://shirokikhdenis.github.io/doorphotos/153-4335.jpg
Браво-29 Snow Melinga Black Shine;Браво Экошпон;Цена комплекта (Полотно, коробка, наличники) составляет 10676₽;6086;https://shirokikhdenis.github.io/doorphotos/153-4351.jpg
Браво-29 Wenge Melinga Black Shine;Браво Экошпон;Цена комплекта (Полотно, коробка, наличники) составляет 10676₽;6086;https://shirokikhdenis.github.io/doorphotos/153-4361.jpg
Браво-28 Riviera Ice Magic Fog;Браво Экошпон;Цена комплекта (Полотно, коробка, наличники) составляет 10846₽;5746;https://shirokikhdenis.github.io/doorphotos/153-0650.jpg
Браво-28 Stormy Wood Magic Fog;Браво Экошпон;Цена комплекта (Полотно, коробка, наличники) составляет 10846₽;5746;https://shirokikhdenis.github.io/doorphotos/153-0715.jpg
Браво-28 Nordic Oak Magic Fog;Браво Экошпон;Цена комплекта (Полотно, коробка, наличники) составляет 10846₽;5746;https://shirokikhdenis.github.io/doorphotos/153-0783.jpg
Браво-28 Wenge Melinga Magic Fog;Браво Экошпон;Цена комплекта (Полотно, коробка, наличники) составляет 9656₽;5066;https://shirokikhdenis.github.io/doorphotos/153-1126.jpg
Браво-28 Cappuccino Melinga Magic Fog;Браво Экошпон;Цена комплекта (Полотно, коробка, наличники) составляет 9656₽;5066;https://shirokikhdenis.github.io/doorphotos/153-1162.jpg
Браво-28 Snow Melinga Magic Fog;Браво Экошпон;Цена комплекта (Полотно, коробка, наличники) составляет 9656₽;5066;https://shirokikhdenis.github.io/doorphotos/153-1479.jpg
Браво-28 Original Oak Magic Fog;Браво Экошпон;Цена комплекта (Полотно, коробка, наличники) составляет 10846₽;5746;https://shirokikhdenis.github.io/doorphotos/153-1467.jpg
Браво-27 Cappuccino Melinga Magic Fog;Браво Экошпон;Цена комплекта (Полотно, коробка, наличники) составляет 10336₽;5746;https://shirokikhdenis.github.io/doorphotos/153-1234.jpg
Браво-27 Wenge Melinga Magic Fog;Браво Экошпон;Цена комплекта (Полотно, коробка, наличники) составляет 10336₽;5746;https://shirokikhdenis.github.io/doorphotos/153-1302.jpg
Браво-27 Snow Melinga Magic Fog;Браво Экошпон;Цена комплекта (Полотно, коробка, наличники) составляет 10336₽;5746;https://shirokikhdenis.github.io/doorphotos/153-1471.jpg
Браво-27 Cappuccino Melinga Mirox Grey;Браво Экошпон;Цена комплекта (Полотно, коробка, наличники) составляет 10846₽;6256;https://shirokikhdenis.github.io/doorphotos/153-1238.jpg
Браво-27 Wenge Melinga Mirox Grey;Браво Экошпон;Цена комплекта (Полотно, коробка, наличники) составляет 10846₽;6256;https://shirokikhdenis.github.io/doorphotos/153-1298.jpg
Браво-27 Snow Melinga Mirox Grey;Браво Экошпон;Цена комплекта (Полотно, коробка, наличники) составляет 10846₽;6256;https://shirokikhdenis.github.io/doorphotos/153-1475.jpg
Браво-30 Cappuccino Melinga Magic Fog;Браво Экошпон;Цена комплекта (Полотно, коробка, наличники) составляет 10336₽;5746;https://shirokikhdenis.github.io/doorphotos/153-1246.jpg
Браво-30 Wenge Melinga Magic Fog;Браво Экошпон;Цена комплекта (Полотно, коробка, наличники) составляет 10336₽;5746;https://shirokikhdenis.github.io/doorphotos/153-1314.jpg
Браво-30 Snow Melinga Magic Fog;Браво Экошпон;Цена комплекта (Полотно, коробка, наличники) составляет 10336₽;5746;https://shirokikhdenis.github.io/doorphotos/153-1487.jpg
Браво-30 Cappuccino Melinga Mirox Grey;Браво Экошпон;Цена комплекта (Полотно, коробка, наличники) составляет 10846₽;6256;https://shirokikhdenis.github.io/doorphotos/153-1250.jpg
Браво-30 Wenge Melinga Mirox Grey;Браво Экошпон;Цена комплекта (Полотно, коробка, наличники) составляет 10846₽;6256;https://shirokikhdenis.github.io/doorphotos/153-1310.jpg
Браво-30 Snow Melinga Mirox Grey;Браво Экошпон;Цена комплекта (Полотно, коробка, наличники) составляет 10846₽;6256;https://shirokikhdenis.github.io/doorphotos/153-1491.jpg
Браво-0 Cream Melinga;Браво Экошпон;Цена комплекта (Полотно, коробка, наличники) составляет 10166₽;5576;https://shirokikhdenis.github.io/doorphotos/153-4406.jpg
Браво-0 Grey Wood;Браво Экошпон;Цена комплекта (Полотно, коробка, наличники) составляет 11186₽;6086;https://shirokikhdenis.github.io/doorphotos/153-1692.jpg
Браво-0 Wenge Melinga;Браво Экошпон;Цена комплекта (Полотно, коробка, наличники) составляет 10166₽;5576;https://shirokikhdenis.github.io/doorphotos/153-1212.jpg
Браво-0 Snow Art;Браво Экошпон;Цена комплекта (Полотно, коробка, наличники) составляет 11186₽;6086;https://shirokikhdenis.github.io/doorphotos/153-0214.jpg
Браво-0 Slate Art;Браво Экошпон;Цена комплекта (Полотно, коробка, наличники) составляет 11186₽;6086;https://shirokikhdenis.github.io/doorphotos/153-0302.jpg
Браво-0 Nordic Oak;Браво Экошпон;Цена комплекта (Полотно, коробка, наличники) составляет 11186₽;6086;https://shirokikhdenis.github.io/doorphotos/153-1090.jpg
Браво-0 Riviera Ice;Браво Экошпон;Цена комплекта (Полотно, коробка, наличники) составляет 11186₽;6086;https://shirokikhdenis.github.io/doorphotos/153-1094.jpg
Браво-0 Cappuccino Melinga;Браво Экошпон;Цена комплекта (Полотно, коробка, наличники) составляет 10166₽;5576;https://shirokikhdenis.github.io/doorphotos/153-1190.jpg
Браво-0 Grey Melinga;Браво Экошпон;Цена комплекта (Полотно, коробка, наличники) составляет 10166₽;5576;https://shirokikhdenis.github.io/doorphotos/153-1196.jpg
Браво-0 Snow Melinga;Браво Экошпон;Цена комплекта (Полотно, коробка, наличники) составляет 10166₽;5576;https://shirokikhdenis.github.io/doorphotos/153-1204.jpg
Браво-0 Look Art;Браво Экошпон;Цена комплекта (Полотно, коробка, наличники) составляет 11186₽;6086;https://shirokikhdenis.github.io/doorphotos/153-0298.jpg
Браво-0 Stormy Wood;Браво Экошпон;Цена комплекта (Полотно, коробка, наличники) составляет 11186₽;6086;https://shirokikhdenis.github.io/doorphotos/153-1696.jpg
Браво-0 Original Oak;Браво Экошпон;Цена комплекта (Полотно, коробка, наличники) составляет 11186₽;6086;https://shirokikhdenis.github.io/doorphotos/153-1704.jpg
Браво-0 Bianco Melinga;Браво Экошпон;Цена комплекта (Полотно, коробка, наличники) составляет 10166₽;5576;https://shirokikhdenis.github.io/doorphotos/153-7312.jpg
Браво-7 Cappuccino Melinga Magic Fog;Браво Экошпон;Цена комплекта (Полотно, коробка, наличники) составляет 12376₽;7786;https://shirokikhdenis.github.io/doorphotos/153-1547.jpg
Браво-7 Grey Melinga Magic Fog;Браво Экошпон;Цена комплекта (Полотно, коробка, наличники) составляет 12376₽;7786;https://shirokikhdenis.github.io/doorphotos/153-1567.jpg
Браво-7 Snow Melinga Magic Fog;Браво Экошпон;Цена комплекта (Полотно, коробка, наличники) составляет 12376₽;7786;https://shirokikhdenis.github.io/doorphotos/153-1587.jpg
Браво-7 Wenge Melinga Magic Fog;Браво Экошпон;Цена комплекта (Полотно, коробка, наличники) составляет 12376₽;7786;https://shirokikhdenis.github.io/doorphotos/153-1607.jpg
Браво-7 Cream Melinga Magic Fog;Браво Экошпон;Цена комплекта (Полотно, коробка, наличники) составляет 12376₽;7786;https://shirokikhdenis.github.io/doorphotos/153-4457.jpg
Браво-7 Bianco Melinga Magic Fog;Браво Экошпон;Цена комплекта (Полотно, коробка, наличники) составляет 12376₽;7786;https://shirokikhdenis.github.io/doorphotos/153-7317.jpg
Браво-9 Cream Melinga Magic Fog;Браво Экошпон;Цена комплекта (Полотно, коробка, наличники) составляет 12376₽;7786;https://shirokikhdenis.github.io/doorphotos/153-4462.jpg
Браво-9 Cappuccino Melinga Magic Fog;Браво Экошпон;Цена комплекта (Полотно, коробка, наличники) составляет 12376₽;7786;https://shirokikhdenis.github.io/doorphotos/153-1557.jpg
Браво-9 Grey Melinga Magic Fog;Браво Экошпон;Цена комплекта (Полотно, коробка, наличники) составляет 12376₽;7786;https://shirokikhdenis.github.io/doorphotos/153-1577.jpg
Браво-9 Snow Melinga Magic Fog;Браво Экошпон;Цена комплекта (Полотно, коробка, наличники) составляет 12376₽;7786;https://shirokikhdenis.github.io/doorphotos/153-1597.jpg
Браво-9 Wenge Melinga Magic Fog;Браво Экошпон;Цена комплекта (Полотно, коробка, наличники) составляет 12376₽;7786;https://shirokikhdenis.github.io/doorphotos/153-1617.jpg
Браво-9 Bianco Melinga Magic Fog;Браво Экошпон;Цена комплекта (Полотно, коробка, наличники) составляет 12376₽;7786;https://shirokikhdenis.github.io/doorphotos/153-7322.jpg
Браво-0.10.П Look Art;Браво Экошпон;Цена комплекта (Полотно, коробка, наличники) составляет 13736₽;8636;https://shirokikhdenis.github.io/doorphotos/153-7357.jpg
Браво-0.10.П Slate Art;Браво Экошпон;Цена комплекта (Полотно, коробка, наличники) составляет 13736₽;8636;https://shirokikhdenis.github.io/doorphotos/153-7369.jpg
Браво-0.10.П Snow Art;Браво Экошпон;Цена комплекта (Полотно, коробка, наличники) составляет 13736₽;8636;https://shirokikhdenis.github.io/doorphotos/153-7381.jpg
Браво-0.21.П Look Art;Браво Экошпон;Цена комплекта (Полотно, коробка, наличники) составляет 13736₽;8636;https://shirokikhdenis.github.io/doorphotos/153-7361.jpg
Браво-0.21.П Slate Art;Браво Экошпон;Цена комплекта (Полотно, коробка, наличники) составляет 13736₽;8636;https://shirokikhdenis.github.io/doorphotos/153-7373.jpg
Браво-0.21.П Snow Art;Браво Экошпон;Цена комплекта (Полотно, коробка, наличники) составляет 13736₽;8636;https://shirokikhdenis.github.io/doorphotos/153-7385.jpg
Браво-0.24.П Look Art;Браво Экошпон;Цена комплекта (Полотно, коробка, наличники) составляет 13736₽;8636;https://shirokikhdenis.github.io/doorphotos/153-7365.jpg
Браво-0.24.П Slate Art;Браво Экошпон;Цена комплекта (Полотно, коробка, наличники) составляет 13736₽;8636;https://shirokikhdenis.github.io/doorphotos/153-7377.jpg
Браво-0.24.П Snow Art;Браво Экошпон;Цена комплекта (Полотно, коробка, наличники) составляет 13736₽;8636;https://shirokikhdenis.github.io/doorphotos/153-7389.jpg
Граффити-12 Look Art;Браво Экошпон;Цена комплекта (Полотно, коробка, наличники) составляет 14926₽;9826;https://shirokikhdenis.github.io/doorphotos/153-0310.jpg
Граффити-12 Slate Art;Браво Экошпон;Цена комплекта (Полотно, коробка, наличники) составляет 14926₽;9826;https://shirokikhdenis.github.io/doorphotos/153-0330.jpg
Граффити-12 White Dreamline;Браво Экошпон;Цена комплекта (Полотно, коробка, наличники) составляет 13906₽;9826;https://shirokikhdenis.github.io/doorphotos/153-1357.jpg
Граффити-12 Snow Art;Браво Экошпон;Цена комплекта (Полотно, коробка, наличники) составляет 14926₽;9826;https://shirokikhdenis.github.io/doorphotos/153-0234.jpg
Граффити-2.Д Look Art;Браво Экошпон;Цена комплекта (Полотно, коробка, наличники) составляет 14926₽;9826;https://shirokikhdenis.github.io/doorphotos/153-1664.jpg
Граффити-2.Д Slate Art;Браво Экошпон;Цена комплекта (Полотно, коробка, наличники) составляет 14926₽;9826;https://shirokikhdenis.github.io/doorphotos/153-1668.jpg
Граффити-2.Д Snow Art;Браво Экошпон;Цена комплекта (Полотно, коробка, наличники) составляет 14926₽;9826;https://shirokikhdenis.github.io/doorphotos/153-1672.jpg
Граффити-5.Д Look Art;Браво Экошпон;Цена комплекта (Полотно, коробка, наличники) составляет 14926₽;9826;https://shirokikhdenis.github.io/doorphotos/153-1676.jpg
Граффити-5.Д Slate Art;Браво Экошпон;Цена комплекта (Полотно, коробка, наличники) составляет 14926₽;9826;https://shirokikhdenis.github.io/doorphotos/153-1680.jpg
Граффити-5.Д Snow Art;Браво Экошпон;Цена комплекта (Полотно, коробка, наличники) составляет 14926₽;9826;https://shirokikhdenis.github.io/doorphotos/153-1684.jpg
Граффити-1.Д Look Art;Браво Экошпон;Цена комплекта (Полотно, коробка, наличники) составляет 14926₽;9826;https://shirokikhdenis.github.io/doorphotos/153-1713.jpg
Граффити-1.Д Slate Art;Браво Экошпон;Цена комплекта (Полотно, коробка, наличники) составляет 14926₽;9826;https://shirokikhdenis.github.io/doorphotos/153-1717.jpg
Граффити-1.Д Snow Art;Браво Экошпон;Цена комплекта (Полотно, коробка, наличники) составляет 14926₽;9826;https://shirokikhdenis.github.io/doorphotos/153-1720.jpg
Граффити-32 Look Art;Браво Экошпон;Цена комплекта (Полотно, коробка, наличники) составляет 14926₽;9826;https://shirokikhdenis.github.io/doorphotos/153-7393.jpg
Граффити-32 Slate Art;Браво Экошпон;Цена комплекта (Полотно, коробка, наличники) составляет 14926₽;9826;https://shirokikhdenis.github.io/doorphotos/153-7397.jpg
Граффити-32 Snow Art;Браво Экошпон;Цена комплекта (Полотно, коробка, наличники) составляет 14926₽;9826;https://shirokikhdenis.github.io/doorphotos/153-7401.jpg
Мода-22 Cream Melinga Black Line;Браво Экошпон;Цена комплекта (Полотно, коробка, наличники) составляет 8585₽;3995;https://shirokikhdenis.github.io/doorphotos/153-4441.jpg
Мода-22 Riviera Ice Black Line;Браво Экошпон;Цена комплекта (Полотно, коробка, наличники) составляет 9095₽;3995;https://shirokikhdenis.github.io/doorphotos/153-1347.jpg
Мода-22 Snow Melinga Black Line;Браво Экошпон;Цена комплекта (Полотно, коробка, наличники) составляет 8585₽;3995;https://shirokikhdenis.github.io/doorphotos/153-1361.jpg
Мода-22 Cappuccino Melinga Black Line;Браво Экошпон;Цена комплекта (Полотно, коробка, наличники) составляет 8585₽;3995;https://shirokikhdenis.github.io/doorphotos/153-1343.jpg
Мода-22 Bianco Melinga Black Line;Браво Экошпон;Цена комплекта (Полотно, коробка, наличники) составляет 8585₽;3995;https://shirokikhdenis.github.io/doorphotos/153-4534.jpg
Прима-2 Nordic Oak;Браво Экошпон;Цена комплекта (Полотно, коробка, наличники) составляет 12716₽;7616;https://shirokikhdenis.github.io/doorphotos/153-0594.jpg
Прима-2 Riviera Ice;Браво Экошпон;Цена комплекта (Полотно, коробка, наличники) составляет 12716₽;7616;https://shirokikhdenis.github.io/doorphotos/153-0819.jpg
Прима-2 Cappuccino Melinga;Браво Экошпон;Цена комплекта (Полотно, коробка, наличники) составляет 11356₽;6766;https://shirokikhdenis.github.io/doorphotos/153-1170.jpg
Прима-2 Wenge Melinga;Браво Экошпон;Цена комплекта (Полотно, коробка, наличники) составляет 11356₽;6766;https://shirokikhdenis.github.io/doorphotos/153-1174.jpg
Прима-2 Snow Melinga;Браво Экошпон;Цена комплекта (Полотно, коробка, наличники) составляет 11356₽;6766;https://shirokikhdenis.github.io/doorphotos/153-1455.jpg
Прима-2 Look Art;Браво Экошпон;Цена комплекта (Полотно, коробка, наличники) составляет 12716₽;7616;https://shirokikhdenis.github.io/doorphotos/153-1495.jpg
Прима-2 Bianco Melinga;Браво Экошпон;Цена комплекта (Полотно, коробка, наличники) составляет 11356₽;6766;https://shirokikhdenis.github.io/doorphotos/153-7339.jpg
Прима-3 Brown Dreamline White Сrystal;Браво Экошпон;Цена комплекта (Полотно, коробка, наличники) составляет 12546₽;8466;https://shirokikhdenis.github.io/doorphotos/153-0209.jpg
Прима-3 White Dreamline White Сrystal;Браво Экошпон;Цена комплекта (Полотно, коробка, наличники) составляет 12546₽;8466;https://shirokikhdenis.github.io/doorphotos/153-0205.jpg
Прима-3 Wenge Melinga White Сrystal;Браво Экошпон;Цена комплекта (Полотно, коробка, наличники) составляет 12206₽;7616;https://shirokikhdenis.github.io/doorphotos/153-1178.jpg
Прима-3 Snow Melinga White Сrystal;Браво Экошпон;Цена комплекта (Полотно, коробка, наличники) составляет 12206₽;7616;https://shirokikhdenis.github.io/doorphotos/153-1459.jpg
Прима-3 Look Art White Сrystal;Браво Экошпон;Цена комплекта (Полотно, коробка, наличники) составляет 13566₽;8466;https://shirokikhdenis.github.io/doorphotos/153-1499.jpg
Прима-3 Riviera Ice White Сrystal;Браво Экошпон;Цена комплекта (Полотно, коробка, наличники) составляет 13566₽;8466;https://shirokikhdenis.github.io/doorphotos/153-0823.jpg
Прима-3 Cappuccino Melinga White Сrystal;Браво Экошпон;Цена комплекта (Полотно, коробка, наличники) составляет 12206₽;7616;https://shirokikhdenis.github.io/doorphotos/153-1182.jpg
Прима-3 Nordic Oak White Сrystal;Браво Экошпон;Цена комплекта (Полотно, коробка, наличники) составляет 13566₽;8466;https://shirokikhdenis.github.io/doorphotos/153-0590.jpg
Прима-3 Bianco Melinga White Сrystal;Браво Экошпон;Цена комплекта (Полотно, коробка, наличники) составляет 12206₽;7616;https://shirokikhdenis.github.io/doorphotos/153-7343.jpg
Прима-11.1 Cappuccino Melinga Magic Fog;Браво Экошпон;Цена комплекта (Полотно, коробка, наличники) составляет 12206₽;7616;https://shirokikhdenis.github.io/doorphotos/153-1507.jpg
Прима-12 Cappuccino Melinga;Браво Экошпон;Цена комплекта (Полотно, коробка, наличники) составляет 11356₽;6766;https://shirokikhdenis.github.io/doorphotos/153-1511.jpg
Прима-13.0.1 Cappuccino Melinga Magic Fog;Браво Экошпон;Цена комплекта (Полотно, коробка, наличники) составляет 12206₽;7616;https://shirokikhdenis.github.io/doorphotos/153-1515.jpg
Прима-10 Cappuccino Melinga;Браво Экошпон;Цена комплекта (Полотно, коробка, наличники) составляет 11356₽;6766;https://shirokikhdenis.github.io/doorphotos/153-1503.jpg
Прима-0 Bianco Melinga;Браво Экошпон;Цена комплекта (Полотно, коробка, наличники) составляет 11356₽;6766;https://shirokikhdenis.github.io/doorphotos/153-7417.jpg
Прима-0 Nordic Oak;Браво Экошпон;Цена комплекта (Полотно, коробка, наличники) составляет 12716₽;7616;https://shirokikhdenis.github.io/doorphotos/153-7425.jpg
Прима-0 Riviera Ice;Браво Экошпон;Цена комплекта (Полотно, коробка, наличники) составляет 12716₽;7616;https://shirokikhdenis.github.io/doorphotos/153-7429.jpg
Неоклассик-32 Nordic Oak;Браво Экошпон;Цена комплекта (Полотно, коробка, наличники) составляет 14586₽;9486;https://shirokikhdenis.github.io/doorphotos/153-0839.jpg
Неоклассик-32 Riviera Ice;Браво Экошпон;Цена комплекта (Полотно, коробка, наличники) составляет 14586₽;9486;https://shirokikhdenis.github.io/doorphotos/153-0843.jpg
Неоклассик-32 Cappuccino Melinga;Браво Экошпон;Цена комплекта (Полотно, коробка, наличники) составляет 13226₽;8636;https://shirokikhdenis.github.io/doorphotos/153-1335.jpg
Неоклассик-32 Wenge Melinga;Браво Экошпон;Цена комплекта (Полотно, коробка, наличники) составляет 13226₽;8636;https://shirokikhdenis.github.io/doorphotos/153-1393.jpg
Неоклассик-32 Original Oak;Браво Экошпон;Цена комплекта (Полотно, коробка, наличники) составляет 14586₽;9486;https://shirokikhdenis.github.io/doorphotos/153-1413.jpg
Неоклассик-32 Stormy Wood;Браво Экошпон;Цена комплекта (Полотно, коробка, наличники) составляет 14586₽;9486;https://shirokikhdenis.github.io/doorphotos/153-1647.jpg
Неоклассик-32 Bianco Melinga;Браво Экошпон;Цена комплекта (Полотно, коробка, наличники) составляет 13226₽;8636;https://shirokikhdenis.github.io/doorphotos/153-7330.jpg
Неоклассик-33 Nordic Oak White Сrystal;Браво Экошпон;Цена комплекта (Полотно, коробка, наличники) составляет 15606₽;10506;https://shirokikhdenis.github.io/doorphotos/153-0871.jpg
Неоклассик-33 Riviera Ice White Сrystal;Браво Экошпон;Цена комплекта (Полотно, коробка, наличники) составляет 15606₽;10506;https://shirokikhdenis.github.io/doorphotos/153-0883.jpg
Неоклассик-33 Cappuccino Melinga White Сrystal;Браво Экошпон;Цена комплекта (Полотно, коробка, наличники) составляет 14076₽;9486;https://shirokikhdenis.github.io/doorphotos/153-1339.jpg
Неоклассик-33 Original Oak White Сrystal;Браво Экошпон;Цена комплекта (Полотно, коробка, наличники) составляет 15606₽;10506;https://shirokikhdenis.github.io/doorphotos/153-1397.jpg
Неоклассик-33 Wenge Melinga White Сrystal;Браво Экошпон;Цена комплекта (Полотно, коробка, наличники) составляет 14076₽;9486;https://shirokikhdenis.github.io/doorphotos/153-1409.jpg
Неоклассик-33 Stormy Wood White Сrystal;Браво Экошпон;Цена комплекта (Полотно, коробка, наличники) составляет 15606₽;10506;https://shirokikhdenis.github.io/doorphotos/153-1651.jpg
Неоклассик-33 Bianco Melinga White Сrystal;Браво Экошпон;Цена комплекта (Полотно, коробка, наличники) составляет 14076₽;9486;https://shirokikhdenis.github.io/doorphotos/153-7334.jpg
Браво-1.55 Bianco Veralinga Mirox Grey;Браво Экошпон;Цена комплекта (Полотно, коробка, наличники) составляет 14586₽;9996;https://shirokikhdenis.github.io/doorphotos/153-0278.jpg
Браво-1.55 Look Art Mirox Grey;Браво Экошпон;Цена комплекта (Полотно, коробка, наличники) составляет 16116₽;11016;https://shirokikhdenis.github.io/doorphotos/153-1021.jpg
Браво-1.55 White Dreamline Mirox Grey;Браво Экошпон;Цена комплекта (Полотно, коробка, наличники) составляет 15096₽;11016;https://shirokikhdenis.github.io/doorphotos/153-1037.jpg
Браво-1.55 Slate Art Mirox Grey;Браво Экошпон;Цена комплекта (Полотно, коробка, наличники) составляет 16116₽;11016;https://shirokikhdenis.github.io/doorphotos/153-1025.jpg
Браво-1.55 Snow Art Mirox Grey;Браво Экошпон;Цена комплекта (Полотно, коробка, наличники) составляет 16116₽;11016;https://shirokikhdenis.github.io/doorphotos/153-1029.jpg
Браво-1.55 Brown Dreamline Mirox Grey;Браво Экошпон;Цена комплекта (Полотно, коробка, наличники) составляет 15096₽;11016;https://shirokikhdenis.github.io/doorphotos/153-1033.jpg
Браво-1.55 Cappuccino Melinga Mirox Grey;Браво Экошпон;Цена комплекта (Полотно, коробка, наличники) составляет 14586₽;9996;https://shirokikhdenis.github.io/doorphotos/153-1218.jpg
Браво-1.55 Snow Melinga Mirox Grey;Браво Экошпон;Цена комплекта (Полотно, коробка, наличники) составляет 14586₽;9996;https://shirokikhdenis.github.io/doorphotos/153-1226.jpg
Браво-1.55 Original Oak Mirox Grey;Браво Экошпон;Цена комплекта (Полотно, коробка, наличники) составляет 16116₽;11016;https://shirokikhdenis.github.io/doorphotos/153-1688.jpg
Браво-2.55 Look Art Mirox Grey;Браво Экошпон;Цена комплекта (Полотно, коробка, наличники) составляет 16116₽;11016;https://shirokikhdenis.github.io/doorphotos/153-1045.jpg
Браво-2.55 Slate Art Mirox Grey;Браво Экошпон;Цена комплекта (Полотно, коробка, наличники) составляет 16116₽;11016;https://shirokikhdenis.github.io/doorphotos/153-1049.jpg
Браво-2.55 Snow Art Mirox Grey;Браво Экошпон;Цена комплекта (Полотно, коробка, наличники) составляет 16116₽;11016;https://shirokikhdenis.github.io/doorphotos/153-1053.jpg
Твигги-11.3 Cappuccino Melinga Magic Fog;Браво Экошпон;Цена комплекта (Полотно, коробка, наличники) составляет 10846₽;6256;https://shirokikhdenis.github.io/doorphotos/153-1254.jpg
Твигги-11.3 Wenge Melinga Magic Fog;Браво Экошпон;Цена комплекта (Полотно, коробка, наличники) составляет 10846₽;6256;https://shirokikhdenis.github.io/doorphotos/153-1258.jpg
Твигги-11.3 Grey Melinga Magic Fog;Браво Экошпон;Цена комплекта (Полотно, коробка, наличники) составляет 10846₽;6256;https://shirokikhdenis.github.io/doorphotos/153-1441.jpg
Твигги-11.3 Snow Melinga Magic Fog;Браво Экошпон;Цена комплекта (Полотно, коробка, наличники) составляет 10846₽;6256;https://shirokikhdenis.github.io/doorphotos/153-1637.jpg
Твигги-11.3 Bianco Melinga Magic Fog;Браво Экошпон;Цена комплекта (Полотно, коробка, наличники) составляет 10846₽;6256;https://shirokikhdenis.github.io/doorphotos/153-7347.jpg
Браво-21.Л Bianco Melinga;Браво Экошпон;Цена комплекта (Полотно, коробка, наличники) составляет 9095₽;4505;https://shirokikhdenis.github.io/doorphotos/153-4490.jpg
Браво-21.Л Cream Melinga;Браво Экошпон;Цена комплекта (Полотно, коробка, наличники) составляет 9095₽;4505;https://shirokikhdenis.github.io/doorphotos/153-4414.jpg
Браво-22.Л Bianco Melinga Magic Fog;Браво Экошпон;Цена комплекта (Полотно, коробка, наличники) составляет 9095₽;4505;https://shirokikhdenis.github.io/doorphotos/153-4498.jpg
Браво-22.Л Cream Melinga Magic Fog;Браво Экошпон;Цена комплекта (Полотно, коробка, наличники) составляет 9095₽;4505;https://shirokikhdenis.github.io/doorphotos/153-4422.jpg
Браво-22.Л Cream Melinga Black Shine;Браво Экошпон;Цена комплекта (Полотно, коробка, наличники) составляет 9435₽;4845;https://shirokikhdenis.github.io/doorphotos/153-4426.jpg
Браво-22.Л Bianco Melinga Black Shine;Браво Экошпон;Цена комплекта (Полотно, коробка, наличники) составляет 9435₽;4845;https://shirokikhdenis.github.io/doorphotos/153-4502.jpg
Браво-29.Л Cream Melinga Magic Fog;Браво Экошпон;Цена комплекта (Полотно, коробка, наличники) составляет 9775₽;5185;https://shirokikhdenis.github.io/doorphotos/153-4432.jpg
Браво-29.Л Bianco Melinga Magic Fog;Браво Экошпон;Цена комплекта (Полотно, коробка, наличники) составляет 9775₽;5185;https://shirokikhdenis.github.io/doorphotos/153-4518.jpg
Браво-29.Л Cream Melinga Black Shine;Браво Экошпон;Цена комплекта (Полотно, коробка, наличники) составляет 10115₽;5525;https://shirokikhdenis.github.io/doorphotos/153-4436.jpg
Браво-29.Л Bianco Melinga Black Shine;Браво Экошпон;Цена комплекта (Полотно, коробка, наличники) составляет 10115₽;5525;https://shirokikhdenis.github.io/doorphotos/153-4522.jpg
Браво-27.Л Cream Melinga Magic Fog;Браво Экошпон;Цена комплекта (Полотно, коробка, наличники) составляет 9775₽;5185;https://shirokikhdenis.github.io/doorphotos/153-4466.jpg
Браво-27.Л Bianco Melinga Magic Fog;Браво Экошпон;Цена комплекта (Полотно, коробка, наличники) составляет 9775₽;5185;https://shirokikhdenis.github.io/doorphotos/153-4506.jpg
Браво-27.Л Cream Melinga Mirox Grey;Браво Экошпон;Цена комплекта (Полотно, коробка, наличники) составляет 10115₽;5525;https://shirokikhdenis.github.io/doorphotos/153-4470.jpg
Браво-27.Л Bianco Melinga Mirox Grey;Браво Экошпон;Цена комплекта (Полотно, коробка, наличники) составляет 10115₽;5525;https://shirokikhdenis.github.io/doorphotos/153-4510.jpg
Браво-28.Л Cream Melinga Magic Fog;Браво Экошпон;Цена комплекта (Полотно, коробка, наличники) составляет 9095₽;4505;https://shirokikhdenis.github.io/doorphotos/153-4474.jpg
Браво-28.Л Bianco Melinga Magic Fog;Браво Экошпон;Цена комплекта (Полотно, коробка, наличники) составляет 9095₽;4505;https://shirokikhdenis.github.io/doorphotos/153-4514.jpg
Браво-30.Л Cream Melinga Magic Fog;Браво Экошпон;Цена комплекта (Полотно, коробка, наличники) составляет 9775₽;5185;https://shirokikhdenis.github.io/doorphotos/153-4478.jpg
Браво-30.Л Bianco Melinga Magic Fog;Браво Экошпон;Цена комплекта (Полотно, коробка, наличники) составляет 9775₽;5185;https://shirokikhdenis.github.io/doorphotos/153-4526.jpg
Браво-30.Л Cream Melinga Mirox Grey;Браво Экошпон;Цена комплекта (Полотно, коробка, наличники) составляет 10115₽;5525;https://shirokikhdenis.github.io/doorphotos/153-4482.jpg
Браво-30.Л Bianco Melinga Mirox Grey;Браво Экошпон;Цена комплекта (Полотно, коробка, наличники) составляет 10115₽;5525;https://shirokikhdenis.github.io/doorphotos/153-4530.jpg
Браво-28 Cream Silk Magic Fog;Браво ПЭТ;Цена комплекта (Полотно, коробка, наличники) составляет 13099₽;7106;https://shirokikhdenis.github.io/doorphotos/169-0060.jpg
Браво-28 Grey Silk Magic Fog;Браво ПЭТ;Цена комплекта (Полотно, коробка, наличники) составляет 13099₽;7106;https://shirokikhdenis.github.io/doorphotos/169-0056.jpg
Браво-28 Stormy Silk Magic Fog;Браво ПЭТ;Цена комплекта (Полотно, коробка, наличники) составляет 13099₽;7106;https://shirokikhdenis.github.io/doorphotos/169-0133.jpg
Браво-28 White Silk Magic Fog;Браво ПЭТ;Цена комплекта (Полотно, коробка, наличники) составляет 13099₽;7106;https://shirokikhdenis.github.io/doorphotos/169-0129.jpg
Браво-40 White Silk;Браво ПЭТ;Цена комплекта (Полотно, коробка, наличники) составляет 18199₽;12206;https://shirokikhdenis.github.io/doorphotos/169-0110.jpg
Браво-40 Cream Silk;Браво ПЭТ;Цена комплекта (Полотно, коробка, наличники) составляет 18199₽;12206;https://shirokikhdenis.github.io/doorphotos/169-0041.jpg
Браво-40 Grey Silk;Браво ПЭТ;Цена комплекта (Полотно, коробка, наличники) составляет 18199₽;12206;https://shirokikhdenis.github.io/doorphotos/169-0034.jpg
Браво-40 Stormy Silk;Браво ПЭТ;Цена комплекта (Полотно, коробка, наличники) составляет 18199₽;12206;https://shirokikhdenis.github.io/doorphotos/169-0117.jpg
Браво-29 Cream Silk Magic Fog;Браво ПЭТ;Цена комплекта (Полотно, коробка, наличники) составляет 13609₽;7616;https://shirokikhdenis.github.io/doorphotos/169-0052.jpg
Браво-29 Grey Silk Magic Fog;Браво ПЭТ;Цена комплекта (Полотно, коробка, наличники) составляет 13609₽;7616;https://shirokikhdenis.github.io/doorphotos/169-0048.jpg
Браво-29 Stormy Silk Magic Fog;Браво ПЭТ;Цена комплекта (Полотно, коробка, наличники) составляет 13609₽;7616;https://shirokikhdenis.github.io/doorphotos/169-0125.jpg
Браво-29 White Silk Magic Fog;Браво ПЭТ;Цена комплекта (Полотно, коробка, наличники) составляет 13609₽;7616;https://shirokikhdenis.github.io/doorphotos/169-0121.jpg
Браво-29 Cream Silk Magic Fog;Браво ПЭТ;Цена комплекта (Полотно, коробка, наличники) составляет 14289₽;8296;https://shirokikhdenis.github.io/doorphotos/169-0768.jpg
Браво-29 Grey Silk Magic Fog;Браво ПЭТ;Цена комплекта (Полотно, коробка, наличники) составляет 14289₽;8296;https://shirokikhdenis.github.io/doorphotos/169-0772.jpg
Браво-29 White Silk Magic Fog;Браво ПЭТ;Цена комплекта (Полотно, коробка, наличники) составляет 14289₽;8296;https://shirokikhdenis.github.io/doorphotos/169-0776.jpg
Браво-22 Stormy Silk Black Shine;Браво ПЭТ;Цена комплекта (Полотно, коробка, наличники) составляет 13099₽;7106;https://shirokikhdenis.github.io/doorphotos/169-0103.jpg
Браво-22 White Silk Black Shine;Браво ПЭТ;Цена комплекта (Полотно, коробка, наличники) составляет 13099₽;7106;https://shirokikhdenis.github.io/doorphotos/169-0139.jpg
Браво-22 Grey Silk Black Shine;Браво ПЭТ;Цена комплекта (Полотно, коробка, наличники) составляет 13099₽;7106;https://shirokikhdenis.github.io/doorphotos/169-0070.jpg
Браво-22 Cream Silk Black Shine;Браво ПЭТ;Цена комплекта (Полотно, коробка, наличники) составляет 13099₽;7106;https://shirokikhdenis.github.io/doorphotos/169-0083.jpg
Браво-22 Cream Silk Black Shine;Браво ПЭТ;Цена комплекта (Полотно, коробка, наличники) составляет 13949₽;7956;https://shirokikhdenis.github.io/doorphotos/169-0744.jpg
Браво-22 Grey Silk Black Shine;Браво ПЭТ;Цена комплекта (Полотно, коробка, наличники) составляет 13949₽;7956;https://shirokikhdenis.github.io/doorphotos/169-0748.jpg
Браво-22 White Silk Black Shine;Браво ПЭТ;Цена комплекта (Полотно, коробка, наличники) составляет 13949₽;7956;https://shirokikhdenis.github.io/doorphotos/169-0752.jpg
Браво-20 Grey Silk;Браво ПЭТ;Цена комплекта (Полотно, коробка, наличники) составляет 12589₽;6596;https://shirokikhdenis.github.io/doorphotos/169-0087.jpg
Браво-20 Stormy Silk;Браво ПЭТ;Цена комплекта (Полотно, коробка, наличники) составляет 12589₽;6596;https://shirokikhdenis.github.io/doorphotos/169-0093.jpg
Браво-20 White Silk;Браво ПЭТ;Цена комплекта (Полотно, коробка, наличники) составляет 12589₽;6596;https://shirokikhdenis.github.io/doorphotos/169-0099.jpg
Браво-20 Cream Silk;Браво ПЭТ;Цена комплекта (Полотно, коробка, наличники) составляет 12589₽;6596;https://shirokikhdenis.github.io/doorphotos/169-0045.jpg
Браво-22 White Silk Magic Fog;Браво ПЭТ;Цена комплекта (Полотно, коробка, наличники) составляет 12589₽;6596;https://shirokikhdenis.github.io/doorphotos/169-0138.jpg
Браво-22 Stormy Silk Magic Fog;Браво ПЭТ;Цена комплекта (Полотно, коробка, наличники) составляет 12589₽;6596;https://shirokikhdenis.github.io/doorphotos/169-0112.jpg
Браво-22 Grey Silk Magic Fog;Браво ПЭТ;Цена комплекта (Полотно, коробка, наличники) составляет 12589₽;6596;https://shirokikhdenis.github.io/doorphotos/169-0064.jpg
Браво-22 Cream Silk Magic Fog;Браво ПЭТ;Цена комплекта (Полотно, коробка, наличники) составляет 12589₽;6596;https://shirokikhdenis.github.io/doorphotos/169-0077.jpg
Браво-22 Cream Silk Magic Fog;Браво ПЭТ;Цена комплекта (Полотно, коробка, наличники) составляет 13269₽;7276;https://shirokikhdenis.github.io/doorphotos/169-0732.jpg
Браво-22 Grey Silk Magic Fog;Браво ПЭТ;Цена комплекта (Полотно, коробка, наличники) составляет 13269₽;7276;https://shirokikhdenis.github.io/doorphotos/169-0736.jpg
Браво-22 White Silk Magic Fog;Браво ПЭТ;Цена комплекта (Полотно, коробка, наличники) составляет 13269₽;7276;https://shirokikhdenis.github.io/doorphotos/169-0740.jpg
Браво-20 Cream Silk;Браво ПЭТ;Цена комплекта (Полотно, коробка, наличники) составляет 13269₽;7276;https://shirokikhdenis.github.io/doorphotos/169-0720.jpg
Браво-20 Grey Silk;Браво ПЭТ;Цена комплекта (Полотно, коробка, наличники) составляет 13269₽;7276;https://shirokikhdenis.github.io/doorphotos/169-0724.jpg
Браво-20 White Silk;Браво ПЭТ;Цена комплекта (Полотно, коробка, наличники) составляет 13269₽;7276;https://shirokikhdenis.github.io/doorphotos/169-0728.jpg
Браво-28 Cream Silk Magic Fog;Браво ПЭТ;Цена комплекта (Полотно, коробка, наличники) составляет 13779₽;7786;https://shirokikhdenis.github.io/doorphotos/169-0756.jpg
Браво-28 Grey Silk Magic Fog;Браво ПЭТ;Цена комплекта (Полотно, коробка, наличники) составляет 13779₽;7786;https://shirokikhdenis.github.io/doorphotos/169-0760.jpg
Браво-28 White Silk Magic Fog;Браво ПЭТ;Цена комплекта (Полотно, коробка, наличники) составляет 13779₽;7786;https://shirokikhdenis.github.io/doorphotos/169-0764.jpg
Прима-12 Grey Silk;Браво ПЭТ;Цена комплекта (Полотно, коробка, наличники) составляет 14799₽;8806;https://shirokikhdenis.github.io/doorphotos/169-0287.jpg
Прима-12 White Silk;Браво ПЭТ;Цена комплекта (Полотно, коробка, наличники) составляет 14799₽;8806;https://shirokikhdenis.github.io/doorphotos/169-0295.jpg
Прима-12 Stormy Silk;Браво ПЭТ;Цена комплекта (Полотно, коробка, наличники) составляет 14799₽;8806;https://shirokikhdenis.github.io/doorphotos/169-0291.jpg
Прима-12 Cream Silk;Браво ПЭТ;Цена комплекта (Полотно, коробка, наличники) составляет 14799₽;8806;https://shirokikhdenis.github.io/doorphotos/169-0283.jpg
Прима-12 Cream Silk;Браво ПЭТ;Цена комплекта (Полотно, коробка, наличники) составляет 15819₽;9826;https://shirokikhdenis.github.io/doorphotos/169-0876.jpg
Прима-12 Grey Silk;Браво ПЭТ;Цена комплекта (Полотно, коробка, наличники) составляет 15819₽;9826;https://shirokikhdenis.github.io/doorphotos/169-0880.jpg
Прима-12 White Silk;Браво ПЭТ;Цена комплекта (Полотно, коробка, наличники) составляет 15819₽;9826;https://shirokikhdenis.github.io/doorphotos/169-0884.jpg
Прима-13.0.1 Grey Silk Magic Fog;Браво ПЭТ;Цена комплекта (Полотно, коробка, наличники) составляет 15989₽;9996;https://shirokikhdenis.github.io/doorphotos/169-0303.jpg
Прима-13.0.1 White Silk Magic Fog;Браво ПЭТ;Цена комплекта (Полотно, коробка, наличники) составляет 15989₽;9996;https://shirokikhdenis.github.io/doorphotos/169-0311.jpg
Прима-13.0.1 Stormy Silk Magic Fog;Браво ПЭТ;Цена комплекта (Полотно, коробка, наличники) составляет 15989₽;9996;https://shirokikhdenis.github.io/doorphotos/169-0307.jpg
Прима-13.0.1 Cream Silk Magic Fog;Браво ПЭТ;Цена комплекта (Полотно, коробка, наличники) составляет 15989₽;9996;https://shirokikhdenis.github.io/doorphotos/169-0299.jpg
Прима-13.0.1 Cream Silk Magic Fog;Браво ПЭТ;Цена комплекта (Полотно, коробка, наличники) составляет 17009₽;11016;https://shirokikhdenis.github.io/doorphotos/169-0888.jpg
Прима-13.0.1 Grey Silk Magic Fog;Браво ПЭТ;Цена комплекта (Полотно, коробка, наличники) составляет 17009₽;11016;https://shirokikhdenis.github.io/doorphotos/169-0892.jpg
Прима-13.0.1 White Silk Magic Fog;Браво ПЭТ;Цена комплекта (Полотно, коробка, наличники) составляет 17009₽;11016;https://shirokikhdenis.github.io/doorphotos/169-0896.jpg
Прима-10 White Silk;Браво ПЭТ;Цена комплекта (Полотно, коробка, наличники) составляет 14799₽;8806;https://shirokikhdenis.github.io/doorphotos/169-0263.jpg
Прима-10 Grey Silk;Браво ПЭТ;Цена комплекта (Полотно, коробка, наличники) составляет 14799₽;8806;https://shirokikhdenis.github.io/doorphotos/169-0255.jpg
Прима-10 Stormy Silk;Браво ПЭТ;Цена комплекта (Полотно, коробка, наличники) составляет 14799₽;8806;https://shirokikhdenis.github.io/doorphotos/169-0259.jpg
Прима-10 Cream Silk;Браво ПЭТ;Цена комплекта (Полотно, коробка, наличники) составляет 14799₽;8806;https://shirokikhdenis.github.io/doorphotos/169-0251.jpg
Прима-10 Cream Silk;Браво ПЭТ;Цена комплекта (Полотно, коробка, наличники) составляет 15819₽;9826;https://shirokikhdenis.github.io/doorphotos/169-0852.jpg
Прима-10 Grey Silk;Браво ПЭТ;Цена комплекта (Полотно, коробка, наличники) составляет 15819₽;9826;https://shirokikhdenis.github.io/doorphotos/169-0856.jpg
Прима-10 White Silk;Браво ПЭТ;Цена комплекта (Полотно, коробка, наличники) составляет 15819₽;9826;https://shirokikhdenis.github.io/doorphotos/169-0860.jpg
Прима-0 Cream Silk;Браво ПЭТ;Цена комплекта (Полотно, коробка, наличники) составляет 14799₽;8806;https://shirokikhdenis.github.io/doorphotos/169-0374.jpg
Прима-0 Grey Silk;Браво ПЭТ;Цена комплекта (Полотно, коробка, наличники) составляет 14799₽;8806;https://shirokikhdenis.github.io/doorphotos/169-0378.jpg
Прима-0 Stormy Silk;Браво ПЭТ;Цена комплекта (Полотно, коробка, наличники) составляет 14799₽;8806;https://shirokikhdenis.github.io/doorphotos/169-0382.jpg
Прима-0 White Silk;Браво ПЭТ;Цена комплекта (Полотно, коробка, наличники) составляет 14799₽;8806;https://shirokikhdenis.github.io/doorphotos/169-0386.jpg
Прима-0 Cream Silk;Браво ПЭТ;Цена комплекта (Полотно, коробка, наличники) составляет 15819₽;9826;https://shirokikhdenis.github.io/doorphotos/169-0953.jpg
Прима-0 Grey Silk;Браво ПЭТ;Цена комплекта (Полотно, коробка, наличники) составляет 15819₽;9826;https://shirokikhdenis.github.io/doorphotos/169-0957.jpg
Прима-0 White Silk;Браво ПЭТ;Цена комплекта (Полотно, коробка, наличники) составляет 15819₽;9826;https://shirokikhdenis.github.io/doorphotos/169-0961.jpg
Прима-11.1 White Silk Magic Fog;Браво ПЭТ;Цена комплекта (Полотно, коробка, наличники) составляет 15989₽;9996;https://shirokikhdenis.github.io/doorphotos/169-0279.jpg
Прима-11.1 Grey Silk Magic Fog;Браво ПЭТ;Цена комплекта (Полотно, коробка, наличники) составляет 15989₽;9996;https://shirokikhdenis.github.io/doorphotos/169-0271.jpg
Прима-11.1 Stormy Silk Magic Fog;Браво ПЭТ;Цена комплекта (Полотно, коробка, наличники) составляет 15989₽;9996;https://shirokikhdenis.github.io/doorphotos/169-0275.jpg
Прима-11.1 Cream Silk Magic Fog;Браво ПЭТ;Цена комплекта (Полотно, коробка, наличники) составляет 15989₽;9996;https://shirokikhdenis.github.io/doorphotos/169-0267.jpg
Прима-11.1 Cream Silk Magic Fog;Браво ПЭТ;Цена комплекта (Полотно, коробка, наличники) составляет 17009₽;11016;https://shirokikhdenis.github.io/doorphotos/169-0864.jpg
Прима-11.1 Grey Silk Magic Fog;Браво ПЭТ;Цена комплекта (Полотно, коробка, наличники) составляет 17009₽;11016;https://shirokikhdenis.github.io/doorphotos/169-0868.jpg
Прима-11.1 White Silk Magic Fog;Браво ПЭТ;Цена комплекта (Полотно, коробка, наличники) составляет 17009₽;11016;https://shirokikhdenis.github.io/doorphotos/169-0872.jpg
Прима-2 Grey Silk;Браво ПЭТ;Цена комплекта (Полотно, коробка, наличники) составляет 14799₽;8806;https://shirokikhdenis.github.io/doorphotos/169-0319.jpg
Прима-2 Cream Silk;Браво ПЭТ;Цена комплекта (Полотно, коробка, наличники) составляет 14799₽;8806;https://shirokikhdenis.github.io/doorphotos/169-0315.jpg
Прима-2 Stormy Silk;Браво ПЭТ;Цена комплекта (Полотно, коробка, наличники) составляет 14799₽;8806;https://shirokikhdenis.github.io/doorphotos/169-0323.jpg
Прима-2 White Silk;Браво ПЭТ;Цена комплекта (Полотно, коробка, наличники) составляет 14799₽;8806;https://shirokikhdenis.github.io/doorphotos/169-0327.jpg
Прима-2 White Silk;Браво ПЭТ;Цена комплекта (Полотно, коробка, наличники) составляет 15819₽;9826;https://shirokikhdenis.github.io/doorphotos/169-0979.jpg
Прима-2 Cream Silk;Браво ПЭТ;Цена комплекта (Полотно, коробка, наличники) составляет 15819₽;9826;https://shirokikhdenis.github.io/doorphotos/169-0967.jpg
Прима-2 Grey Silk;Браво ПЭТ;Цена комплекта (Полотно, коробка, наличники) составляет 15819₽;9826;https://shirokikhdenis.github.io/doorphotos/169-0973.jpg
Прима-3 Cream Silk White Сrystal;Браво ПЭТ;Цена комплекта (Полотно, коробка, наличники) составляет 15989₽;9996;https://shirokikhdenis.github.io/doorphotos/169-0331.jpg
Прима-3 Grey Silk White Сrystal;Браво ПЭТ;Цена комплекта (Полотно, коробка, наличники) составляет 15989₽;9996;https://shirokikhdenis.github.io/doorphotos/169-0335.jpg
Прима-3 Stormy Silk White Сrystal;Браво ПЭТ;Цена комплекта (Полотно, коробка, наличники) составляет 15989₽;9996;https://shirokikhdenis.github.io/doorphotos/169-0339.jpg
Прима-3 White Silk White Сrystal;Браво ПЭТ;Цена комплекта (Полотно, коробка, наличники) составляет 15989₽;9996;https://shirokikhdenis.github.io/doorphotos/169-0343.jpg
Прима-3 Cream Silk White Сrystal;Браво ПЭТ;Цена комплекта (Полотно, коробка, наличники) составляет 17009₽;11016;https://shirokikhdenis.github.io/doorphotos/169-0983.jpg
Прима-3 Grey Silk White Сrystal;Браво ПЭТ;Цена комплекта (Полотно, коробка, наличники) составляет 17009₽;11016;https://shirokikhdenis.github.io/doorphotos/169-0987.jpg
Прима-3 White Silk White Сrystal;Браво ПЭТ;Цена комплекта (Полотно, коробка, наличники) составляет 17009₽;11016;https://shirokikhdenis.github.io/doorphotos/169-0991.jpg
Прима-2 Cream Silk;Браво ПЭТ;Цена комплекта (Полотно, коробка, наличники) составляет 17689₽;11696;https://shirokikhdenis.github.io/doorphotos/169-0550.jpg
Прима-2 Grey Silk;Браво ПЭТ;Цена комплекта (Полотно, коробка, наличники) составляет 17689₽;11696;https://shirokikhdenis.github.io/doorphotos/169-0554.jpg
Прима-2 Stormy Silk;Браво ПЭТ;Цена комплекта (Полотно, коробка, наличники) составляет 17689₽;11696;https://shirokikhdenis.github.io/doorphotos/169-0558.jpg
Прима-2 White Silk;Браво ПЭТ;Цена комплекта (Полотно, коробка, наличники) составляет 17689₽;11696;https://shirokikhdenis.github.io/doorphotos/169-0562.jpg
Прима-2 Grey Silk;Браво ПЭТ;Цена комплекта (Полотно, коробка, наличники) составляет 17689₽;11696;https://shirokikhdenis.github.io/doorphotos/169-0534.jpg
Прима-2 Stormy Silk;Браво ПЭТ;Цена комплекта (Полотно, коробка, наличники) составляет 17689₽;11696;https://shirokikhdenis.github.io/doorphotos/169-0538.jpg
Прима-2 White Silk;Браво ПЭТ;Цена комплекта (Полотно, коробка, наличники) составляет 17689₽;11696;https://shirokikhdenis.github.io/doorphotos/169-0542.jpg
Прима-2 Cream Silk;Браво ПЭТ;Цена комплекта (Полотно, коробка, наличники) составляет 17689₽;11696;https://shirokikhdenis.github.io/doorphotos/169-0546.jpg
Неоклассик-34 White Silk;Браво ПЭТ;Цена комплекта (Полотно, коробка, наличники) составляет 17349₽;11356;https://shirokikhdenis.github.io/doorphotos/169-0235.jpg
Неоклассик-34 Cream Silk;Браво ПЭТ;Цена комплекта (Полотно, коробка, наличники) составляет 17349₽;11356;https://shirokikhdenis.github.io/doorphotos/169-0195.jpg
Неоклассик-34 Grey Silk;Браво ПЭТ;Цена комплекта (Полотно, коробка, наличники) составляет 17349₽;11356;https://shirokikhdenis.github.io/doorphotos/169-0227.jpg
Неоклассик-34 Stormy Silk;Браво ПЭТ;Цена комплекта (Полотно, коробка, наличники) составляет 17349₽;11356;https://shirokikhdenis.github.io/doorphotos/169-0231.jpg
Неоклассик-34 Cream Silk;Браво ПЭТ;Цена комплекта (Полотно, коробка, наличники) составляет 18709₽;12716;https://shirokikhdenis.github.io/doorphotos/169-0828.jpg
Неоклассик-34 Grey Silk;Браво ПЭТ;Цена комплекта (Полотно, коробка, наличники) составляет 18709₽;12716;https://shirokikhdenis.github.io/doorphotos/169-0832.jpg
Неоклассик-34 White Silk;Браво ПЭТ;Цена комплекта (Полотно, коробка, наличники) составляет 18709₽;12716;https://shirokikhdenis.github.io/doorphotos/169-0836.jpg
Неоклассик-32 White Silk;Браво ПЭТ;Цена комплекта (Полотно, коробка, наличники) составляет 16839₽;10846;https://shirokikhdenis.github.io/doorphotos/169-0211.jpg
Неоклассик-32 Cream Silk;Браво ПЭТ;Цена комплекта (Полотно, коробка, наличники) составляет 16839₽;10846;https://shirokikhdenis.github.io/doorphotos/169-0187.jpg
Неоклассик-32 Grey Silk;Браво ПЭТ;Цена комплекта (Полотно, коробка, наличники) составляет 16839₽;10846;https://shirokikhdenis.github.io/doorphotos/169-0203.jpg
Неоклассик-32 Stormy Silk;Браво ПЭТ;Цена комплекта (Полотно, коробка, наличники) составляет 16839₽;10846;https://shirokikhdenis.github.io/doorphotos/169-0207.jpg
Неоклассик-32 Cream Silk;Браво ПЭТ;Цена комплекта (Полотно, коробка, наличники) составляет 18029₽;12036;https://shirokikhdenis.github.io/doorphotos/169-0804.jpg
Неоклассик-32 Grey Silk;Браво ПЭТ;Цена комплекта (Полотно, коробка, наличники) составляет 18029₽;12036;https://shirokikhdenis.github.io/doorphotos/169-0808.jpg
Неоклассик-32 White Silk;Браво ПЭТ;Цена комплекта (Полотно, коробка, наличники) составляет 18029₽;12036;https://shirokikhdenis.github.io/doorphotos/169-0812.jpg
Неоклассик-33 Cream Silk Magic Moru;Браво ПЭТ;Цена комплекта (Полотно, коробка, наличники) составляет 18029₽;12036;https://shirokikhdenis.github.io/doorphotos/169-0390.jpg
Неоклассик-33 Grey Silk Magic Moru;Браво ПЭТ;Цена комплекта (Полотно, коробка, наличники) составляет 18029₽;12036;https://shirokikhdenis.github.io/doorphotos/169-0398.jpg
Неоклассик-33 White Silk Magic Moru;Браво ПЭТ;Цена комплекта (Полотно, коробка, наличники) составляет 18029₽;12036;https://shirokikhdenis.github.io/doorphotos/169-0406.jpg
Неоклассик-33 Stormy Silk Magic Moru;Браво ПЭТ;Цена комплекта (Полотно, коробка, наличники) составляет 18029₽;12036;https://shirokikhdenis.github.io/doorphotos/169-0414.jpg
Неоклассик-33 Cream Silk Magic Moru;Браво ПЭТ;Цена комплекта (Полотно, коробка, наличники) составляет 19219₽;13226;https://shirokikhdenis.github.io/doorphotos/169-0816.jpg
Неоклассик-33 Grey Silk Magic Moru;Браво ПЭТ;Цена комплекта (Полотно, коробка, наличники) составляет 19219₽;13226;https://shirokikhdenis.github.io/doorphotos/169-0820.jpg
Неоклассик-33 White Silk Magic Moru;Браво ПЭТ;Цена комплекта (Полотно, коробка, наличники) составляет 19219₽;13226;https://shirokikhdenis.github.io/doorphotos/169-0824.jpg
Неоклассик-35 Cream Silk Magic Moru;Браво ПЭТ;Цена комплекта (Полотно, коробка, наличники) составляет 18539₽;12546;https://shirokikhdenis.github.io/doorphotos/169-0394.jpg
Неоклассик-35 Grey Silk Magic Moru;Браво ПЭТ;Цена комплекта (Полотно, коробка, наличники) составляет 18539₽;12546;https://shirokikhdenis.github.io/doorphotos/169-0402.jpg
Неоклассик-35 White Silk Magic Moru;Браво ПЭТ;Цена комплекта (Полотно, коробка, наличники) составляет 18539₽;12546;https://shirokikhdenis.github.io/doorphotos/169-0410.jpg
Неоклассик-35 Stormy Silk Magic Moru;Браво ПЭТ;Цена комплекта (Полотно, коробка, наличники) составляет 18539₽;12546;https://shirokikhdenis.github.io/doorphotos/169-0418.jpg
Неоклассик-35 Cream Silk Magic Moru;Браво ПЭТ;Цена комплекта (Полотно, коробка, наличники) составляет 19899₽;13906;https://shirokikhdenis.github.io/doorphotos/169-0840.jpg
Неоклассик-35 Grey Silk Magic Moru;Браво ПЭТ;Цена комплекта (Полотно, коробка, наличники) составляет 19899₽;13906;https://shirokikhdenis.github.io/doorphotos/169-0844.jpg
Неоклассик-35 White Silk Magic Moru;Браво ПЭТ;Цена комплекта (Полотно, коробка, наличники) составляет 19899₽;13906;https://shirokikhdenis.github.io/doorphotos/169-0848.jpg
Граффити-5.Д.П White Silk;Браво ПЭТ;Цена комплекта (Полотно, коробка, наличники) составляет 17009₽;11016;https://shirokikhdenis.github.io/doorphotos/169-0183.jpg
Граффити-5.Д.П Stormy Silk;Браво ПЭТ;Цена комплекта (Полотно, коробка, наличники) составляет 17009₽;11016;https://shirokikhdenis.github.io/doorphotos/169-0179.jpg
Граффити-5.Д.П Grey Silk;Браво ПЭТ;Цена комплекта (Полотно, коробка, наличники) составляет 17009₽;11016;https://shirokikhdenis.github.io/doorphotos/169-0175.jpg
Граффити-5.Д.П Cream Silk;Браво ПЭТ;Цена комплекта (Полотно, коробка, наличники) составляет 17009₽;11016;https://shirokikhdenis.github.io/doorphotos/169-0171.jpg
Граффити-2.Д.П Stormy Silk;Браво ПЭТ;Цена комплекта (Полотно, коробка, наличники) составляет 17009₽;11016;https://shirokikhdenis.github.io/doorphotos/169-0163.jpg
Граффити-2.Д.П Grey Silk;Браво ПЭТ;Цена комплекта (Полотно, коробка, наличники) составляет 17009₽;11016;https://shirokikhdenis.github.io/doorphotos/169-0159.jpg
Граффити-2.Д.П White Silk;Браво ПЭТ;Цена комплекта (Полотно, коробка, наличники) составляет 17009₽;11016;https://shirokikhdenis.github.io/doorphotos/169-0167.jpg
Граффити-2.Д.П Cream Silk;Браво ПЭТ;Цена комплекта (Полотно, коробка, наличники) составляет 17009₽;11016;https://shirokikhdenis.github.io/doorphotos/169-0155.jpg
Классик-13 White Silk White Сrystal;Браво ПЭТ;Цена комплекта (Полотно, коробка, наличники) составляет 19219₽;13226;https://shirokikhdenis.github.io/doorphotos/169-0151.jpg
Классик-13 Grey Silk White Сrystal;Браво ПЭТ;Цена комплекта (Полотно, коробка, наличники) составляет 19219₽;13226;https://shirokikhdenis.github.io/doorphotos/169-0479.jpg
Классик-13 Stormy Silk White Сrystal;Браво ПЭТ;Цена комплекта (Полотно, коробка, наличники) составляет 19219₽;13226;https://shirokikhdenis.github.io/doorphotos/169-0487.jpg
Классик-13 Cream Silk White Сrystal;Браво ПЭТ;Цена комплекта (Полотно, коробка, наличники) составляет 19219₽;13226;https://shirokikhdenis.github.io/doorphotos/169-0530.jpg
Классик-13 Cream Silk White Сrystal;Браво ПЭТ;Цена комплекта (Полотно, коробка, наличники) составляет 20579₽;14586;https://shirokikhdenis.github.io/doorphotos/169-0792.jpg
Классик-13 Grey Silk White Сrystal;Браво ПЭТ;Цена комплекта (Полотно, коробка, наличники) составляет 20579₽;14586;https://shirokikhdenis.github.io/doorphotos/169-0796.jpg
Классик-13 White Silk White Сrystal;Браво ПЭТ;Цена комплекта (Полотно, коробка, наличники) составляет 20579₽;14586;https://shirokikhdenis.github.io/doorphotos/169-0800.jpg
Классик-12 White Silk;Браво ПЭТ;Цена комплекта (Полотно, коробка, наличники) составляет 18199₽;12206;https://shirokikhdenis.github.io/doorphotos/169-0147.jpg
Классик-12 Grey Silk;Браво ПЭТ;Цена комплекта (Полотно, коробка, наличники) составляет 18199₽;12206;https://shirokikhdenis.github.io/doorphotos/169-0475.jpg
Классик-12 Stormy Silk;Браво ПЭТ;Цена комплекта (Полотно, коробка, наличники) составляет 18199₽;12206;https://shirokikhdenis.github.io/doorphotos/169-0483.jpg
Классик-12 Cream Silk;Браво ПЭТ;Цена комплекта (Полотно, коробка, наличники) составляет 18199₽;12206;https://shirokikhdenis.github.io/doorphotos/169-0526.jpg
Классик-12 Cream Silk;Браво ПЭТ;Цена комплекта (Полотно, коробка, наличники) составляет 19389₽;13396;https://shirokikhdenis.github.io/doorphotos/169-0780.jpg
Классик-12 Grey Silk;Браво ПЭТ;Цена комплекта (Полотно, коробка, наличники) составляет 19389₽;13396;https://shirokikhdenis.github.io/doorphotos/169-0784.jpg
Классик-12 White Silk;Браво ПЭТ;Цена комплекта (Полотно, коробка, наличники) составляет 19389₽;13396;https://shirokikhdenis.github.io/doorphotos/169-0788.jpg
Браво-0.П Cream Silk;Браво ПЭТ;Цена комплекта (Полотно, коробка, наличники) составляет 14289₽;8296;https://shirokikhdenis.github.io/doorphotos/169-0003.jpg
Браво-0.П Grey Silk;Браво ПЭТ;Цена комплекта (Полотно, коробка, наличники) составляет 14289₽;8296;https://shirokikhdenis.github.io/doorphotos/169-0013.jpg
Браво-0.П Stormy Silk;Браво ПЭТ;Цена комплекта (Полотно, коробка, наличники) составляет 14289₽;8296;https://shirokikhdenis.github.io/doorphotos/169-0012.jpg
Браво-0.П White Silk;Браво ПЭТ;Цена комплекта (Полотно, коробка, наличники) составляет 14289₽;8296;https://shirokikhdenis.github.io/doorphotos/169-0004.jpg
Браво-0.П Cream Silk;Браво ПЭТ;Цена комплекта (Полотно, коробка, наличники) составляет 15139₽;9146;https://shirokikhdenis.github.io/doorphotos/169-0702.jpg
Браво-0.П Grey Silk;Браво ПЭТ;Цена комплекта (Полотно, коробка, наличники) составляет 15139₽;9146;https://shirokikhdenis.github.io/doorphotos/169-0709.jpg
Браво-0.П White Silk;Браво ПЭТ;Цена комплекта (Полотно, коробка, наличники) составляет 15139₽;9146;https://shirokikhdenis.github.io/doorphotos/169-0716.jpg
Браво-0.10 П White Silk;Браво ПЭТ;Цена комплекта (Полотно, коробка, наличники) составляет 15819₽;9826;https://shirokikhdenis.github.io/doorphotos/169-0571.jpg
Браво-0.10 П Grey Silk;Браво ПЭТ;Цена комплекта (Полотно, коробка, наличники) составляет 15819₽;9826;https://shirokikhdenis.github.io/doorphotos/169-0583.jpg
Браво-0.10 П Cream Silk;Браво ПЭТ;Цена комплекта (Полотно, коробка, наличники) составляет 15819₽;9826;https://shirokikhdenis.github.io/doorphotos/169-0595.jpg
Браво-0.10 П Stormy Silk;Браво ПЭТ;Цена комплекта (Полотно, коробка, наличники) составляет 15819₽;9826;https://shirokikhdenis.github.io/doorphotos/169-0607.jpg
Браво-0.21 П White Silk;Браво ПЭТ;Цена комплекта (Полотно, коробка, наличники) составляет 15819₽;9826;https://shirokikhdenis.github.io/doorphotos/169-0575.jpg
Браво-0.21 П Grey Silk;Браво ПЭТ;Цена комплекта (Полотно, коробка, наличники) составляет 15819₽;9826;https://shirokikhdenis.github.io/doorphotos/169-0587.jpg
Браво-0.21 П Cream Silk;Браво ПЭТ;Цена комплекта (Полотно, коробка, наличники) составляет 15819₽;9826;https://shirokikhdenis.github.io/doorphotos/169-0599.jpg
Браво-0.21 П Stormy Silk;Браво ПЭТ;Цена комплекта (Полотно, коробка, наличники) составляет 15819₽;9826;https://shirokikhdenis.github.io/doorphotos/169-0611.jpg
Браво-0.24 П White Silk;Браво ПЭТ;Цена комплекта (Полотно, коробка, наличники) составляет 15819₽;9826;https://shirokikhdenis.github.io/doorphotos/169-0579.jpg
Браво-0.24 П Grey Silk;Браво ПЭТ;Цена комплекта (Полотно, коробка, наличники) составляет 15819₽;9826;https://shirokikhdenis.github.io/doorphotos/169-0591.jpg
Браво-0.24 П Cream Silk;Браво ПЭТ;Цена комплекта (Полотно, коробка, наличники) составляет 15819₽;9826;https://shirokikhdenis.github.io/doorphotos/169-0603.jpg
Браво-0.24 П Stormy Silk;Браво ПЭТ;Цена комплекта (Полотно, коробка, наличники) составляет 15819₽;9826;https://shirokikhdenis.github.io/doorphotos/169-0615.jpg
Твигги-11.3 Grey Silk Magic Fog;Браво ПЭТ;Цена комплекта (Полотно, коробка, наличники) составляет 14119₽;8126;https://shirokikhdenis.github.io/doorphotos/169-0355.jpg
Твигги-11.3 White Silk Magic Fog;Браво ПЭТ;Цена комплекта (Полотно, коробка, наличники) составляет 14119₽;8126;https://shirokikhdenis.github.io/doorphotos/169-0367.jpg
Скинни-14 Whitey;Браво Эмаль;Цена комплекта (Полотно, коробка, наличники) составляет 14161₽;8296;https://shirokikhdenis.github.io/doorphotos/019-0018.jpg
Скинни-14 Grace;Браво Эмаль;Цена комплекта (Полотно, коробка, наличники) составляет 13481₽;8296;https://shirokikhdenis.github.io/doorphotos/019-0065.jpg
Скинни-14 Creamy;Браво Эмаль;Цена комплекта (Полотно, коробка, наличники) составляет 13481₽;8296;https://shirokikhdenis.github.io/doorphotos/019-0031.jpg
Скинни-15.1 Whitey White Crystal;Браво Эмаль;Цена комплекта (Полотно, коробка, наличники) составляет 16711₽;10846;https://shirokikhdenis.github.io/doorphotos/019-0130.jpg
Скинни-15.1 Grace White Crystal;Браво Эмаль;Цена комплекта (Полотно, коробка, наличники) составляет 16031₽;10846;https://shirokikhdenis.github.io/doorphotos/019-0214.jpg
Скинни-15.1 Creamy Magic Moru;Браво Эмаль;Цена комплекта (Полотно, коробка, наличники) составляет 16881₽;11696;https://shirokikhdenis.github.io/doorphotos/019-0060.jpg
Скинни-20 Whitey;Браво Эмаль;Цена комплекта (Полотно, коробка, наличники) составляет 14161₽;8296;https://shirokikhdenis.github.io/doorphotos/019-0016.jpg
Скинни-10 Whitey;Браво Эмаль;Цена комплекта (Полотно, коробка, наличники) составляет 14161₽;8296;https://shirokikhdenis.github.io/doorphotos/013-0481.jpg
Скинни-10 Grace;Браво Эмаль;Цена комплекта (Полотно, коробка, наличники) составляет 13481₽;8296;https://shirokikhdenis.github.io/doorphotos/019-0098.jpg
Скинни-10 Creamy;Браво Эмаль;Цена комплекта (Полотно, коробка, наличники) составляет 13481₽;8296;https://shirokikhdenis.github.io/doorphotos/013-1448.jpg
Скинни-11.1 Whitey Magic Fog;Браво Эмаль;Цена комплекта (Полотно, коробка, наличники) составляет 20111₽;14246;https://shirokikhdenis.github.io/doorphotos/151-0322.jpg
Скинни-11.1 Grace Magic Fog;Браво Эмаль;Цена комплекта (Полотно, коробка, наличники) составляет 19431₽;14246;https://shirokikhdenis.github.io/doorphotos/037-0140.jpg
Скинни-11.1 Creamy Magic Fog;Браво Эмаль;Цена комплекта (Полотно, коробка, наличники) составляет 19431₽;14246;https://shirokikhdenis.github.io/doorphotos/151-0330.jpg
Скинни-12 Whitey;Браво Эмаль;Цена комплекта (Полотно, коробка, наличники) составляет 14161₽;8296;https://shirokikhdenis.github.io/doorphotos/151-0309.jpg
Скинни-12 Grace;Браво Эмаль;Цена комплекта (Полотно, коробка, наличники) составляет 13481₽;8296;https://shirokikhdenis.github.io/doorphotos/037-0046.jpg
Скинни-12 Creamy;Браво Эмаль;Цена комплекта (Полотно, коробка, наличники) составляет 13481₽;8296;https://shirokikhdenis.github.io/doorphotos/037-0078.jpg
Скинни-13 Whitey White Crystal;Браво Эмаль;Цена комплекта (Полотно, коробка, наличники) составляет 16711₽;10846;https://shirokikhdenis.github.io/doorphotos/151-0321.jpg
Скинни-13 Grace White Crystal;Браво Эмаль;Цена комплекта (Полотно, коробка, наличники) составляет 16031₽;10846;https://shirokikhdenis.github.io/doorphotos/013-0543.jpg
Скинни-13 Creamy Magic Moru;Браво Эмаль;Цена комплекта (Полотно, коробка, наличники) составляет 16881₽;11696;https://shirokikhdenis.github.io/doorphotos/151-0326.jpg
Скинни-21 Whitey White Crystal;Браво Эмаль;Цена комплекта (Полотно, коробка, наличники) составляет 16711₽;10846;https://shirokikhdenis.github.io/doorphotos/037-0128.jpg
Браво-0 Whitey;Браво Эмаль;Цена комплекта (Полотно, коробка, наличники) составляет 13651₽;7786;https://shirokikhdenis.github.io/doorphotos/013-0415.jpg
Браво-0 Grace;Браво Эмаль;Цена комплекта (Полотно, коробка, наличники) составляет 12971₽;7786;https://shirokikhdenis.github.io/doorphotos/013-0489.jpg
Браво-0 Creamy;Браво Эмаль;Цена комплекта (Полотно, коробка, наличники) составляет 12971₽;7786;https://shirokikhdenis.github.io/doorphotos/012-0314.jpg
Граффити-2 Whitey;Браво Эмаль;Цена комплекта (Полотно, коробка, наличники) составляет 15521₽;9656;https://shirokikhdenis.github.io/doorphotos/012-0320.jpg
Граффити-2 Grace;Браво Эмаль;Цена комплекта (Полотно, коробка, наличники) составляет 14841₽;9656;https://shirokikhdenis.github.io/doorphotos/012-0323.jpg
Граффити-2 Grace;Браво Эмаль;Цена комплекта (Полотно, коробка, наличники) составляет 15351₽;10166;https://shirokikhdenis.github.io/doorphotos/013-0513.jpg
Граффити-2 Whitey;Браво Эмаль;Цена комплекта (Полотно, коробка, наличники) составляет 16031₽;10166;https://shirokikhdenis.github.io/doorphotos/047-7559.jpg
Граффити-2 Grace;Браво Эмаль;Цена комплекта (Полотно, коробка, наличники) составляет 15351₽;10166;https://shirokikhdenis.github.io/doorphotos/047-7556.jpg
Граффити-2 Whitey;Браво Эмаль;Цена комплекта (Полотно, коробка, наличники) составляет 16031₽;10166;https://shirokikhdenis.github.io/doorphotos/046-0329.jpg
Граффити-1 Whitey;Браво Эмаль;Цена комплекта (Полотно, коробка, наличники) составляет 14841₽;8976;https://shirokikhdenis.github.io/doorphotos/046-0024.jpg
Граффити-1 Grace;Браво Эмаль;Цена комплекта (Полотно, коробка, наличники) составляет 14161₽;8976;https://shirokikhdenis.github.io/doorphotos/046-0028.jpg
Граффити-2 Whitey;Браво Эмаль;Цена комплекта (Полотно, коробка, наличники) составляет 15181₽;9316;https://shirokikhdenis.github.io/doorphotos/047-0341.jpg
Граффити-2 Grace;Браво Эмаль;Цена комплекта (Полотно, коробка, наличники) составляет 14501₽;9316;https://shirokikhdenis.github.io/doorphotos/013-0497.jpg
Граффити-5 Grace;Браво Эмаль;Цена комплекта (Полотно, коробка, наличники) составляет 14501₽;9316;https://shirokikhdenis.github.io/doorphotos/047-0156.jpg
Граффити-5 Whitey;Браво Эмаль;Цена комплекта (Полотно, коробка, наличники) составляет 15181₽;9316;https://shirokikhdenis.github.io/doorphotos/013-0431.jpg
Граффити-5 Creamy;Браво Эмаль;Цена комплекта (Полотно, коробка, наличники) составляет 14501₽;9316;https://shirokikhdenis.github.io/doorphotos/013-1416.jpg
Граффити-1 Grace;Браво Эмаль;Цена комплекта (Полотно, коробка, наличники) составляет 14501₽;9316;https://shirokikhdenis.github.io/doorphotos/047-0205.jpg
Граффити-1 Whitey;Браво Эмаль;Цена комплекта (Полотно, коробка, наличники) составляет 15181₽;9316;https://shirokikhdenis.github.io/doorphotos/013-0435.jpg
Граффити-32 Grace;Браво Эмаль;Цена комплекта (Полотно, коробка, наличники) составляет 15351₽;10166;https://shirokikhdenis.github.io/doorphotos/048-0058.jpg
Граффити-32 Whitey;Браво Эмаль;Цена комплекта (Полотно, коробка, наличники) составляет 16031₽;10166;https://shirokikhdenis.github.io/doorphotos/046-0032.jpg
Граффити-33.0 Whitey;Браво Эмаль;Цена комплекта (Полотно, коробка, наличники) составляет 16031₽;10166;https://shirokikhdenis.github.io/doorphotos/048-0030.jpg
Граффити-33.0 Grace;Браво Эмаль;Цена комплекта (Полотно, коробка, наличники) составляет 15351₽;10166;https://shirokikhdenis.github.io/doorphotos/048-0344.jpg
Граффити-33.0 Creamy;Браво Эмаль;Цена комплекта (Полотно, коробка, наличники) составляет 15351₽;10166;https://shirokikhdenis.github.io/doorphotos/048-0021.jpg
Граффити-2 Whitey;Браво Эмаль;Цена комплекта (Полотно, коробка, наличники) составляет 16031₽;10166;https://shirokikhdenis.github.io/doorphotos/048-0047.jpg
Граффити-2 Grace;Браво Эмаль;Цена комплекта (Полотно, коробка, наличники) составляет 15351₽;10166;https://shirokikhdenis.github.io/doorphotos/047-0168.jpg
